Filename,Contour,Center X,Center Y,Radius,Diameter,mean_intensity,Bounding Box X Center,Bounding Box Y Center,Bounding Box Width,Bounding Box Height
0012_phatquang.png,0,999,957,113.42791748046875,226.8558349609375,48.60511363636363,0.5206775983174642,0.8866635923032408,0.11815408070882166,0.2100516990379051
0012_phatquang.png,1,396,937,123.97401428222656,247.94802856445312,57.94318181818182,0.20630145072937012,0.8678201180917245,0.12913959821065268,0.22958150793004917
0012_phatquang.png,2,710,886,123.35965728759766,246.7193145751953,61.80113636363637,0.3701720873514811,0.8208552607783565,0.12849964300791422,0.22844380979184753
0012_phatquang.png,3,228,658,139.68798828125,279.3759765625,84.9034090909091,0.11905326843261718,0.6096124154550058,0.14550832112630208,0.2586814597800926
0012_phatquang.png,4,1918,459,130.50106811523438,261.00213623046875,11.576704545454545,0.99921875,0.425462962962963,0.13593861262003593,0.24166864465784144
0012_phatquang.png,5,1541,451,136.8295135498047,273.6590270996094,74.7215909090909,0.802882703145345,0.4176146895797164,0.14253074328104653,0.2533879880551938
0012_phatquang.png,6,1250,246,175.8935089111328,351.7870178222656,103.08522727272727,0.6512586593627929,0.22816022237141928,0.18322240511576326,0.3257287202058015
0012_phatquang.png,7,747,119,113.9234619140625,227.846923828125,38.79545454545455,0.38923762639363607,0.11053910432038484,0.11867027282714848,0.21096937391493056
0013_phatquang.png,0,1234,931,160.55361938476562,321.10723876953125,123.75568181818181,0.6429016749064127,0.8624835544162326,0.16724335352579744,0.29732151737919554
0013_phatquang.png,1,1918,547,118.00433349609375,236.0086669921875,12.982954545454545,0.9989583333333333,0.5064814814814815,0.12292118072509761,0.21852654351128475
0013_phatquang.png,2,1439,494,102.01466369628906,204.02932739257812,37.30113636363637,0.7497302373250325,0.4577872099699798,0.10626527468363445,0.18891604388201683
0013_phatquang.png,3,1203,455,114.90231323242188,229.80462646484375,55.87215909090909,0.6267808278401692,0.4217379817256221,0.11968990961710613,0.21278206154152202
0013_phatquang.png,4,793,384,119.92176818847656,239.84353637695312,44.59090909090909,0.4130914688110352,0.355720293963397,0.12491850852966307,0.22207734849717883
0013_phatquang.png,5,335,319,156.32334899902344,312.6466979980469,80.95454545454545,0.17469754219055178,0.2955676891185619,0.16283682187398277,0.2894876833315249
0013_phatquang.png,6,1143,140,150.1861114501953,300.3722229003906,60.01704545454545,0.5953124999999999,0.1304597642686632,0.15644386609395344,0.2781224286114728
0015_phatquang.png,0,802,890,135.93589782714844,271.8717956542969,82.83522727272727,0.41813942591349285,0.8242876406069155,0.1415998935699463,0.2517331441243489
0015_phatquang.png,1,496,494,104.8864974975586,209.7729949951172,45.54829545454545,0.2585435708363851,0.457963138156467,0.10925676822662353,0.19423425462510846
0015_phatquang.png,2,1542,424,148.7767791748047,297.5535583496094,69.33238636363636,0.8035337448120117,0.3933582447193287,0.1549758116404215,0.2755125540274161
0015_phatquang.png,3,1032,2,83.0377426147461,166.0754852294922,25.161931818181817,0.5375,0.002314814814814818,0.08649764855702718,0.15377359743471497
141_phatquang.png,0,894,976,3.0414812564849854,6.082962512969971,0.17613636363636365,0.46562499999999996,0.9041666666666666,0.0031682096421718486,0.00563237269719441
141_phatquang.png,1,914,960,27.788963317871094,55.57792663574219,3.6931818181818183,0.4765145301818847,0.8889427467628761,0.028946836789449037,0.05146104318124267
141_phatquang.png,2,1728,456,60.60293960571289,121.20587921142578,14.082386363636363,0.9002791086832682,0.4225067138671875,0.06312806208928423,0.11222766593650535
141_phatquang.png,3,926,392,67.33685302734375,134.6737060546875,15.366477272727273,0.48260682423909507,0.3634225915979456,0.07014255523681645,0.12469787597656246
141_phatquang.png,4,1448,141,9.563594818115234,19.12718963623047,0.9318181818181818,0.7542187372843424,0.13101851851851853,0.009962077935536717,0.017710360774287476
24_phatquang.png,0,442,971,74.6890640258789,149.3781280517578,18.431818181818183,0.23048723538716637,0.8998019183123553,0.07780110836029056,0.13831308152940536
24_phatquang.png,1,1363,833,82.9498519897461,165.8997039794922,23.81534090909091,0.7100834528605143,0.7713109899450232,0.08640609582265224,0.15361083701804834
24_phatquang.png,2,1676,375,9.999999747378752e-05,0.00019999999494757503,0.09090909090909091,0.8729166666666667,0.3472222222222222,1.0416666396118046e-07,1.8518518052346167e-07
24_phatquang.png,3,1656,427,56.633609771728516,113.26721954345703,11.454545454545455,0.8628875732421875,0.39552479496708626,0.05899334351221719,0.10487705513283058
24_phatquang.png,4,1799,285,9.999999747378752e-05,0.00019999999494757503,0.08806818181818182,0.9369791666666667,0.2638888888888889,1.0416666407220276e-07,1.8518518052346167e-07
24_phatquang.png,5,1444,295,116.07070922851562,232.14141845703125,35.99431818181818,0.7524880091349284,0.273817217791522,0.12090698877970374,0.2149457578305845
24_phatquang.png,6,1760,224,72.89508819580078,145.79017639160156,14.590909090909092,0.917164166768392,0.20748461970576532,0.07593238353729248,0.13499090406629774
24_phatquang.png,7,227,213,108.80767822265625,217.6153564453125,41.36647727272727,0.11871095498402914,0.19753716080277053,0.1133413314819336,0.2014957004123264
30_phatquang.png,0,1435,745,152.9429931640625,305.885986328125,96.46022727272727,0.7475133260091147,0.6902091132269965,0.15931561787923176,0.28322776511863434
30_phatquang.png,1,631,389,104.72169494628906,209.44338989257812,33.74715909090909,0.32886718114217117,0.3603002195005064,0.10908509890238444,0.19392906471535015
33_phatquang.png,0,217,961,62.37173080444336,124.74346160888672,13.701704545454545,0.11307175159454347,0.890239574291088,0.06497055292129518,0.11550320519341362
33_phatquang.png,1,77,899,72.78649139404297,145.57298278808594,19.233618233618234,0.040442736943562825,0.8332073070384838,0.07581926186879477,0.13478979887785736
33_phatquang.png,2,365,845,104.77511596679688,209.55023193359375,35.61079545454545,0.19025301933288574,0.7832286128291377,0.10914074579874672,0.19402799253110536
33_phatquang.png,3,370,534,0.7072067856788635,1.414413571357727,0.08806818181818182,0.19296875000000002,0.4949074074074074,0.0007366737350821551,0.0013096421957016213
33_phatquang.png,4,438,507,2.2361679077148438,4.4723358154296875,0.36363636363636365,0.22812500000000002,0.46944444444444444,0.0023293415705362974,0.0041410516809534115
33_phatquang.png,5,417,555,53.451011657714844,106.90202331542969,8.710227272727273,0.21718749999999998,0.5138888888888888,0.05567813714345296,0.09898335492169419
33_phatquang.png,6,829,463,9.999999747378752e-05,0.00019999999494757503,0.08806818181818182,0.4317708333333333,0.4287037037037037,1.0416666407220276e-07,1.8518518052346167e-07
33_phatquang.png,7,1684,565,139.2943115234375,278.588623046875,64.57954545454545,0.8772306442260742,0.5232730441623265,0.1450982411702475,0.2579524287471065
33_phatquang.png,8,273,501,81.66222381591797,163.32444763183594,23.5625,0.1424995263417562,0.4640822233977141,0.08506481647491455,0.1512263403998481
33_phatquang.png,9,810,408,61.57387161254883,123.14774322509766,13.4375,0.422200870513916,0.3786591706452546,0.06413944959640505,0.1140256881713867
33_phatquang.png,10,1071,344,2.5000998973846436,5.000199794769287,0.5369318181818182,0.5580729166666667,0.31851851851851853,0.002604270726442315,0.004629814624786399
33_phatquang.png,11,1106,416,80.01681518554688,160.03363037109375,18.34375,0.5765312194824219,0.3855675873933015,0.0833508491516114,0.14817928738064234
33_phatquang.png,12,723,193,1.1181340217590332,2.2362680435180664,0.17613636363636365,0.3765625,0.17916666666666667,0.0011647229393322855,0.00207061855881302
33_phatquang.png,13,791,165,9.999999747378752e-05,0.00019999999494757503,0.08806818181818182,0.4119791666666667,0.1527777777777778,1.0416666407220276e-07,1.851851804957061e-07
33_phatquang.png,14,777,130,9.999999747378752e-05,0.00019999999494757503,0.08806818181818182,0.4046875,0.12037037037037038,1.0416666401669161e-07,1.8518518050958388e-07
33_phatquang.png,15,773,118,4.778244495391846,9.556488990783691,0.18181818181818182,0.4031013170878092,0.10989057046395762,0.004977338016033173,0.0088486009173923
33_phatquang.png,16,745,154,45.629859924316406,91.25971984863281,7.9602272727272725,0.3884457270304362,0.14327563533076532,0.04753110408782962,0.08449974060058593
33_phatquang.png,17,763,109,5.852449893951416,11.704899787902832,0.17613636363636365,0.39739583333333334,0.10138888888888889,0.006096301972866036,0.010837870173984104
35_phatquang.png,0,472,855,43.19382095336914,86.38764190673828,7.78125,0.24586660067240398,0.7919878924334491,0.04499356349309286,0.07998855732105403
35_phatquang.png,1,1334,800,72.20370483398438,144.40740966796875,17.823863636363637,0.6952409108479818,0.7409112435800058,0.07521219253540035,0.1337105645073785
35_phatquang.png,2,508,712,83.6204833984375,167.240966796875,21.295454545454547,0.2647995471954346,0.6594315705475984,0.08710467020670576,0.15485274703414342
35_phatquang.png,3,1281,331,2.2361679077148438,4.4723358154296875,0.17613636363636365,0.6671875,0.30648148148148147,0.002329341570536214,0.0041410516809534115
35_phatquang.png,4,1249,344,29.309232711791992,58.618465423583984,3.803977272727273,0.6509843190511069,0.3190649809660735,0.03053045074145,0.054276356873688925
35_phatquang.png,5,366,216,9.999999747378752e-05,0.00019999999494757503,0.08806818181818182,0.190625,0.2,1.0416666404444719e-07,1.851851804957061e-07
35_phatquang.png,6,350,244,38.07838439941406,76.15676879882812,5.670454545454546,0.18248958587646485,0.22642591970938225,0.03966498374938965,0.07051552666558161
35_phatquang.png,7,1485,154,9.999999747378752e-05,0.00019999999494757503,0.08806818181818182,0.7734375,0.1425925925925926,1.0416666396118046e-07,1.851851804957061e-07
35_phatquang.png,8,1543,100,8.514793395996094,17.029586791992188,1.2613636363636365,0.80390625,0.09305555555555556,0.008869576454162531,0.015768135918511283
35_phatquang.png,9,1531,97,2.5000998973846436,5.000199794769287,0.17613636363636365,0.7973958333333333,0.09027777777777778,0.002604270726442315,0.004629814624786371
35_phatquang.png,10,1537,92,1.1181340217590332,2.2362680435180664,0.09090909090909091,0.8005208333333333,0.08564814814814814,0.001164722939332341,0.002070618558813034
35_phatquang.png,11,1521,125,44.287540435791016,88.57508087158203,5.034090909090909,0.7924974441528321,0.11640424375180844,0.04613285462061556,0.08201396376998336
37_phatquang.png,0,1480,1079,71.5000991821289,143.0001983642578,21.985795454545453,0.77109375,0.999074074074074,0.07447926998138432,0.13240759107801636
37_phatquang.png,1,145,1011,61.579833984375,123.15966796875,14.031339031339032,0.07575929164886475,0.9368972778320312,0.06414566040039063,0.11403672960069455
37_phatquang.png,2,616,963,48.54495620727539,97.08991241455078,8.65625,0.3209336598714193,0.8917472556785301,0.0505676627159119,0.08989806705051007
37_phatquang.png,3,1222,862,89.82317352294922,179.64634704589844,27.25,0.6369345347086588,0.7986862182617187,0.09356580575307205,0.16633921022768372
37_phatquang.png,4,491,806,84.53065490722656,169.06130981445312,21.772727272727273,0.2562027295430501,0.7466559516059028,0.08805276552836103,0.1565382498281973
37_phatquang.png,5,941,667,80.34909057617188,160.69818115234375,20.900568181818183,0.4905029296875,0.6179540563512731,0.083696969350179,0.14879461217809598
37_phatquang.png,6,1547,598,47.02813720703125,94.0562744140625,8.247159090909092,0.8057389577229818,0.553767564561632,0.048987642923990826,0.0870891429759838
37_phatquang.png,7,1131,406,9.999999747378752e-05,0.00019999999494757503,0.08806818181818182,0.5890625,0.37592592592592594,1.0416666407220276e-07,1.8518518052346167e-07
37_phatquang.png,8,1130,384,27.04398536682129,54.08797073364258,3.8863636363636362,0.5890484491984049,0.35559616088867185,0.028170818090438865,0.05008145438300238
37_phatquang.png,9,272,250,0.5001000165939331,1.0002000331878662,0.08806818181818182,0.14166666666666666,0.23194444444444445,0.0005209375172853525,0.0009261111418406298
37_phatquang.png,10,646,244,0.7072067856788635,1.414413571357727,0.09090909090909091,0.33671875,0.2263888888888889,0.0007366737350821273,0.0013096421957016213
37_phatquang.png,11,273,217,1.1181340217590332,2.2362680435180664,0.17613636363636365,0.14244791666666667,0.20092592592592592,0.0011647229393323133,0.00207061855881302
37_phatquang.png,12,255,228,24.261272430419922,48.522544860839844,2.9204545454545454,0.13295138676961263,0.2111111111111111,0.025272158781687426,0.04492828227855539
37_phatquang.png,13,1018,251,110.84695434570312,221.69390869140625,33.35511363636363,0.5305985768636068,0.2329519342493128,0.11546557744344077,0.20527213767722802
37_phatquang.png,14,665,191,57.699729919433594,115.39945983886719,9.292613636363637,0.3466289202372233,0.17696653295446324,0.060103885332743356,0.10685135170265479
37_phatquang.png,15,646,142,4.527792930603027,9.055585861206055,0.18181818181818182,0.33671874999999996,0.13194444444444445,0.004716450969378172,0.008384801723338942
37_phatquang.png,16,116,80,0.7072067856788635,1.414413571357727,0.18233618233618235,0.06067708333333333,0.07453703703703704,0.0007366737350821551,0.0013096421957015936
37_phatquang.png,17,124,56,1.1181340217590332,2.2362680435180664,0.09116809116809117,0.06484375,0.05185185185185186,0.0011647229393323272,0.002070618558813027
37_phatquang.png,18,146,83,31.872644424438477,63.74528884887695,5.062678062678063,0.07613515059153239,0.07761158413357205,0.033200671275456756,0.05902341560081199
57_phatquang.png,0,921,903,44.15901184082031,88.31802368164062,7.505681818181818,0.4797995885213216,0.8366334703233507,0.04599897066752112,0.08177594785337094
57_phatquang.png,1,1482,926,86.54080963134766,173.0816192626953,21.75,0.7723885218302409,0.8574144151475694,0.09014667669932042,0.16026075857656963
57_phatquang.png,2,1575,770,50.108619689941406,100.21723937988281,9.119318181818182,0.8207981745402018,0.713739917896412,0.05219647884368894,0.09279374016655817
57_phatquang.png,3,784,768,94.09608459472656,188.19216918945312,35.62215909090909,0.4086161931355794,0.7119585955584491,0.0980167547861735,0.1742520085087529
57_phatquang.png,4,1010,670,3.1623775959014893,6.3247551918029785,0.26420454545454547,0.5260416666666666,0.6203703703703703,0.003294143329064081,0.005856254807224959
57_phatquang.png,5,983,661,24.904613494873047,49.809226989746094,3.9545454545454546,0.512469482421875,0.6124160766601563,0.02594230572382611,0.04611965462013534
57_phatquang.png,6,1386,653,84.32079315185547,168.64158630371094,26.068181818181817,0.7222323735555013,0.604922937463831,0.08783415953318285,0.15614961694788054
57_phatquang.png,7,609,526,0.5001000165939331,1.0002000331878662,0.17613636363636365,0.31744791666666666,0.48703703703703705,0.0005209375172853248,0.0009261111418406021
57_phatquang.png,8,601,524,4.609872341156006,9.219744682312012,0.7954545454545454,0.31328124999999996,0.48518518518518516,0.004801950355370843,0.00853680063177037
57_phatquang.png,9,601,516,3.6056511402130127,7.211302280426025,0.09090909090909091,0.3130208333333333,0.47777777777777775,0.003755886604388581,0.006677131741135212
57_phatquang.png,10,583,540,27.14017677307129,54.28035354614258,3.46875,0.303826109568278,0.5000356038411458,0.028271017471949267,0.050259586616798635
57_phatquang.png,11,1677,402,53.721397399902344,107.44279479980469,8.71875,0.8735021591186523,0.3722238893862124,0.055959788958231615,0.09948406925907843
57_phatquang.png,12,123,150,78.04903411865234,156.0980682373047,16.817663817663817,0.06438682476679485,0.13897209167480468,0.08130107720692953,0.1445352483678747
8_phatquang.png,0,1065,990,79.87921142578125,159.7584228515625,21.90340909090909,0.555076281229655,0.9169552273220487,0.08320751190185549,0.14792446560329864
8_phatquang.png,1,699,989,85.64391326904297,171.28782653808594,28.96590909090909,0.3641500473022461,0.9164488615813079,0.08921240965525312,0.15859983938711664
8_phatquang.png,2,857,697,9.999999747378752e-05,0.00019999999494757503,0.09090909090909091,0.44635416666666666,0.6453703703703704,1.0416666407220276e-07,1.8518518052346167e-07
8_phatquang.png,3,917,671,67.61974334716797,135.23948669433594,15.227272727272727,0.47781120936075844,0.6217373883282697,0.07043723265329993,0.12522174693919996
8_phatquang.png,4,95,549,53.21477127075195,106.4295425415039,10.905982905982906,0.04995412429173787,0.508640374077691,0.05543205340703328,0.0985458727236147
8_phatquang.png,5,530,251,67.0459213256836,134.0918426513672,13.875,0.27630208333333334,0.2330554962158203,0.06983950138092043,0.12415911356608073
8_phatquang.png,6,1076,100,0.7072067856788635,1.414413571357727,0.17613636363636365,0.5606770833333333,0.09305555555555556,0.0007366737350822383,0.0013096421957015936
8_phatquang.png,7,1011,128,74.21271514892578,148.42543029785156,16.34090909090909,0.5266493797302246,0.11934937371148004,0.07730491161346437,0.1374309539794922
8_phatquang.png,8,1435,123,104.3004150390625,208.600830078125,28.869318181818183,0.7478548685709635,0.11477937345151548,0.10864626566569013,0.19314891673900464
91_phatquang.png,0,234,874,136.7425994873047,273.4851989746094,43.11363636363637,0.12208369572957357,0.8096959997106481,0.14244020779927571,0.25322703608760133
91_phatquang.png,1,916,682,98.26960754394531,196.53921508789062,37.90056818181818,0.4775761922200521,0.6322022614655671,0.10236417452494306,0.18198075471100994
91_phatquang.png,2,512,404,79.71736907958984,159.4347381591797,23.792613636363637,0.2666926066080729,0.3749213889793114,0.08303892612457275,0.14762475755479604
91_phatquang.png,3,1585,367,144.14398193359375,288.2879638671875,84.85227272727273,0.8255255381266275,0.339887774432147,0.15014998118082679,0.26693329987702547
